"id","email","password","created_at"
70773,"email@example.com","passw0rd","2019-07-19 08:33:51.624216"
96041,"email@example.com","passw0rd","2020-01-04 17:53:15.036899"
108921,"email@example.com","passw0rd","2020-03-03 21:55:18.797356"
114056,"email@example.com","passw0rd","2020-03-08 14:25:11.436863"
119765,"email@example.com","passw0rd","2019-06-20 16:37:32.433392"
125499,"email@example.com","passw0rd","2019-11-24 21:22:09.558736"
175889,"email@example.com","passw0rd","2020-02-16 09:49:02.142393"
186143,"email@example.com","passw0rd","2019-10-22 09:33:48.749013"
201426,"email@example.com","passw0rd","2019-06-18 19:43:40.194093"
223607,"email@example.com","passw0rd","2019-11-19 22:42:51.365132"
256223,"email@example.com","passw0rd","2019-12-30 02:45:06.994762"
265541,"email@example.com","passw0rd","2018-05-13 21:19:46.834218"
393461,"email@example.com","passw0rd","2020-03-11 00:24:48.541743"
409988,"email@example.com","passw0rd","2019-11-10 13:54:05.625537"
417170,"email@example.com","passw0rd","2019-10-15 21:49:01.255915"
490219,"email@example.com","passw0rd","2019-11-30 05:54:31.115559"
559859,"email@example.com","passw0rd","2020-01-04 07:10:44.518068"
577236,"email@example.com","passw0rd","2020-03-11 21:12:54.287408"
610267,"email@example.com","passw0rd","2019-06-21 09:47:18.582449"
611763,"email@example.com","passw0rd","2019-08-12 08:39:05.513111"
651366,"email@example.com","passw0rd","2019-05-20 20:15:21.084978"
729450,"email@example.com","passw0rd","2019-07-02 19:16:03.409614"
736771,"email@example.com","passw0rd","2020-03-07 23:48:17.185911"
749217,"email@example.com","passw0rd","2019-10-03 18:10:02.44505"
769063,"email@example.com","passw0rd","2019-08-21 09:28:55.862854"
769302,"email@example.com","passw0rd","2019-11-04 01:21:25.965518"
775108,"email@example.com","passw0rd","2019-12-26 18:58:20.777029"
795738,"email@example.com","passw0rd","2019-05-29 20:38:30.373854"
808415,"email@example.com","passw0rd","2020-01-22 18:13:22.410347"
841834,"email@example.com","passw0rd","2019-09-29 19:12:17.685565"
873201,"email@example.com","passw0rd","2019-12-18 13:21:11.24999"
885586,"email@example.com","passw0rd","2018-10-20 16:52:20.584532"
912831,"email@example.com","passw0rd","2019-05-03 15:51:02.897403"
947522,"email@example.com","passw0rd","2019-09-22 21:04:48.628174"
1017377,"email@example.com","passw0rd","2020-01-13 21:20:47.678541"
1052954,"email@example.com","passw0rd","2019-06-07 16:00:01.944522"
1057512,"email@example.com","passw0rd","2019-10-16 15:17:59.919917"
1069310,"email@example.com","passw0rd","2020-02-12 21:38:43.294481"
1072415,"email@example.com","passw0rd","2020-01-20 01:18:05.020967"
1113569,"email@example.com","passw0rd","2019-05-11 05:02:23.195236"
1126016,"email@example.com","passw0rd","2019-06-07 18:51:01.988939"
1141925,"email@example.com","passw0rd","2019-11-30 23:37:13.680948"
1153176,"email@example.com","passw0rd","2020-03-04 06:01:00.623348"
1165472,"email@example.com","passw0rd","2019-02-07 12:38:19.355384"
1204990,"email@example.com","passw0rd","2019-07-10 20:37:04.344841"
1256455,"email@example.com","passw0rd","2019-12-26 12:57:07.323448"
1290362,"email@example.com","passw0rd","2019-11-04 22:01:35.487387"
1310822,"email@example.com","passw0rd","2019-09-01 16:18:29.363694"
1376127,"email@example.com","passw0rd","2019-11-09 02:59:49.610392"
1430549,"email@example.com","passw0rd","2019-11-03 19:19:25.838638"
1431876,"email@example.com","passw0rd","2019-11-18 01:50:16.095442"
1442602,"email@example.com","passw0rd","2020-03-16 20:16:34.972388"
1480528,"email@example.com","passw0rd","2019-10-02 09:20:22.007922"
1509414,"email@example.com","passw0rd","2019-02-09 14:09:17.814183"
1513449,"email@example.com","passw0rd","2019-06-26 15:30:38.571627"
1595073,"email@example.com","passw0rd","2019-11-23 08:16:08.209903"
1606421,"email@example.com","passw0rd","2019-10-19 17:35:49.381204"
1612894,"email@example.com","passw0rd","2019-12-19 17:44:10.955088"
1658468,"email@example.com","passw0rd","2019-08-30 10:27:54.348219"
1673279,"email@example.com","passw0rd","2020-02-23 11:50:18.127996"
1691313,"email@example.com","passw0rd","2019-09-24 19:16:44.355417"
1725488,"email@example.com","passw0rd","2019-06-22 14:52:40.319114"
1753208,"email@example.com","passw0rd","2020-03-11 13:29:11.919386"
1757086,"email@example.com","passw0rd","2019-11-04 13:39:53.80764"
1774855,"email@example.com","passw0rd","2019-10-27 02:24:36.55601"
1788076,"email@example.com","passw0rd","2019-08-27 16:49:46.719977"
1828922,"email@example.com","passw0rd","2019-09-09 10:30:17.884147"
1839877,"email@example.com","passw0rd","2019-09-23 22:33:51.76809"
1842034,"email@example.com","passw0rd","2019-05-20 18:24:07.216951"
1857525,"email@example.com","passw0rd","2019-10-29 02:56:25.644341"
1883022,"email@example.com","passw0rd","2019-11-24 04:29:55.013998"
1895165,"email@example.com","passw0rd","2020-01-19 20:36:55.620454"
1934073,"email@example.com","passw0rd","2019-11-11 16:23:42.605278"
1945465,"email@example.com","passw0rd","2019-09-30 03:44:35.795052"
1966801,"email@example.com","passw0rd","2019-12-07 12:54:03.433523"
1967024,"email@example.com","passw0rd","2020-01-11 06:52:49.064312"
1967217,"email@example.com","passw0rd","2020-02-24 09:44:54.004514"
1999992,"email@example.com","passw0rd","2020-02-07 20:11:43.482897"
2016532,"email@example.com","passw0rd","2019-11-16 16:04:42.549239"
2037232,"email@example.com","passw0rd","2019-12-01 22:05:13.233414"
2055300,"email@example.com","passw0rd","2019-08-02 18:25:31.990576"
2076579,"email@example.com","passw0rd","2020-02-18 23:45:50.640148"
2122849,"email@example.com","passw0rd","2020-02-22 12:00:58.937969"
2132184,"email@example.com","passw0rd","2020-02-28 06:27:34.843399"
2185151,"email@example.com","passw0rd","2019-12-15 00:30:29.809301"
2185239,"email@example.com","passw0rd","2019-10-31 22:30:51.235168"
2195710,"email@example.com","passw0rd","2019-11-02 08:45:14.496133"
2225578,"email@example.com","passw0rd","2020-02-01 16:06:15.019319"
2237248,"email@example.com","passw0rd","2019-08-15 17:21:15.796831"
2248337,"email@example.com","passw0rd","2020-02-10 21:47:19.816478"
2248740,"email@example.com","passw0rd","2019-12-21 19:42:51.944033"
2252522,"email@example.com","passw0rd","2020-02-01 21:11:55.245154"
2261617,"email@example.com","passw0rd","2020-02-16 18:45:16.809032"
2300828,"email@example.com","passw0rd","2018-07-11 12:33:57.38222"
2304360,"email@example.com","passw0rd","2019-12-14 00:18:36.446717"
2360842,"email@example.com","passw0rd","2019-06-14 22:08:00.853448"
2366856,"email@example.com","passw0rd","2020-02-13 01:34:19.112788"
2398654,"email@example.com","passw0rd","2019-10-08 11:40:11.967453"
2423784,"email@example.com","passw0rd","2019-07-30 15:11:19.716251"
2426342,"email@example.com","passw0rd","2020-01-11 15:27:54.530219"
2430361,"email@example.com","passw0rd","2018-04-25 12:54:13.119281"
2435675,"email@example.com","passw0rd","2020-03-03 06:44:02.713023"
2476792,"email@example.com","passw0rd","2019-12-03 07:12:40.215238"
2482227,"email@example.com","passw0rd","2019-07-27 15:57:31.871977"
2497783,"email@example.com","passw0rd","2020-01-10 00:11:29.033609"
2532093,"email@example.com","passw0rd","2020-01-04 16:58:44.84847"
2537661,"email@example.com","passw0rd","2019-03-17 09:48:42.867876"
2567762,"email@example.com","passw0rd","2019-11-11 01:18:29.345466"
2624608,"email@example.com","passw0rd","2019-09-13 17:29:43.971164"
2644885,"email@example.com","passw0rd","2019-09-07 22:16:41.202133"
2646276,"email@example.com","passw0rd","2019-10-21 05:05:41.264237"
2647518,"email@example.com","passw0rd","2019-11-17 08:56:20.869023"
2649325,"email@example.com","passw0rd","2019-12-16 22:17:02.362957"
2656255,"email@example.com","passw0rd","2019-12-01 15:28:48.766653"
2661912,"email@example.com","passw0rd","2020-02-21 22:11:05.622361"
2662616,"email@example.com","passw0rd","2020-01-12 20:56:17.659553"
2664733,"email@example.com","passw0rd","2019-06-25 15:04:33.585431"
2758102,"email@example.com","passw0rd","2019-11-03 08:44:03.991631"
2763873,"email@example.com","passw0rd","2019-10-10 14:12:21.368221"
2785091,"email@example.com","passw0rd","2019-10-29 20:39:48.390476"
2866174,"email@example.com","passw0rd","2019-12-02 13:06:55.328097"
2886531,"email@example.com","passw0rd","2020-01-07 05:45:12.407767"
2914106,"email@example.com","passw0rd","2019-11-08 19:25:58.077647"
2929247,"email@example.com","passw0rd","2019-06-04 09:10:28.161701"
2968956,"email@example.com","passw0rd","2019-09-20 23:53:45.346575"
2969712,"email@example.com","passw0rd","2020-01-02 00:43:28.130472"
3000670,"email@example.com","passw0rd","2019-08-29 17:21:07.984956"
3024191,"email@example.com","passw0rd","2019-07-26 21:01:43.938006"
3058173,"email@example.com","passw0rd","2019-07-15 20:57:29.457655"
3120811,"email@example.com","passw0rd","2019-10-22 00:10:49.202324"
3162462,"email@example.com","passw0rd","2019-10-14 20:51:19.498478"
3178988,"email@example.com","passw0rd","2020-03-05 06:00:46.254899"
3194467,"email@example.com","passw0rd","2019-10-24 20:01:56.120736"
3210349,"email@example.com","passw0rd","2019-09-01 21:08:42.213439"
3230873,"email@example.com","passw0rd","2019-11-18 16:35:13.908571"
3246912,"email@example.com","passw0rd","2020-03-09 04:02:06.142163"
3256314,"email@example.com","passw0rd","2020-02-18 13:45:28.681383"
3266702,"email@example.com","passw0rd","2019-10-24 03:53:37.392849"
3287282,"email@example.com","passw0rd","2020-01-13 20:33:27.312736"
3300116,"email@example.com","passw0rd","2019-10-13 21:28:47.493146"
3309319,"email@example.com","passw0rd","2020-02-26 16:28:00.255314"
3321874,"email@example.com","passw0rd","2020-02-26 08:18:27.072985"
3335026,"email@example.com","passw0rd","2019-10-18 07:44:38.899445"
3344250,"email@example.com","passw0rd","2019-09-29 10:21:17.905586"
3346505,"email@example.com","passw0rd","2019-07-30 10:23:02.654499"
3348019,"email@example.com","passw0rd","2020-01-16 23:53:47.000559"
3368167,"email@example.com","passw0rd","2020-02-14 19:48:17.962012"
3387838,"email@example.com","passw0rd","2019-10-11 16:55:51.887188"
3405397,"email@example.com","passw0rd","2019-11-29 02:33:36.273798"
3408391,"email@example.com","passw0rd","2019-09-16 18:20:46.591833"
3444125,"email@example.com","passw0rd","2019-09-25 23:16:42.228443"
3455922,"email@example.com","passw0rd","2019-09-13 19:49:08.912903"
3464760,"email@example.com","passw0rd","2020-01-07 15:53:15.976466"
3468884,"email@example.com","passw0rd","2019-07-27 17:26:26.945528"
3474460,"email@example.com","passw0rd","2020-02-06 00:14:18.824658"
3510263,"email@example.com","passw0rd","2019-06-05 10:18:13.553254"
3524143,"email@example.com","passw0rd","2019-05-13 16:53:54.550903"
3539676,"email@example.com","passw0rd","2020-01-02 22:22:42.303902"
3541687,"email@example.com","passw0rd","2019-11-26 15:40:25.142176"
3544083,"email@example.com","passw0rd","2019-10-19 04:07:02.028727"
3555145,"email@example.com","passw0rd","2019-08-29 07:58:07.729148"
3627581,"email@example.com","passw0rd","2018-05-15 14:52:49.634737"
3642106,"email@example.com","passw0rd","2019-09-26 21:52:52.389524"
3660270,"email@example.com","passw0rd","2019-10-15 09:09:26.367418"
3682166,"email@example.com","passw0rd","2020-03-05 01:51:01.464101"
3688354,"email@example.com","passw0rd","2019-10-16 19:02:48.595224"
3709315,"email@example.com","passw0rd","2019-07-20 12:24:39.271813"
3724381,"email@example.com","passw0rd","2019-08-29 19:08:42.030738"
3732320,"email@example.com","passw0rd","2020-02-29 03:59:35.925063"
3763762,"email@example.com","passw0rd","2019-06-02 04:53:59.082127"
3784722,"email@example.com","passw0rd","2019-11-29 13:32:07.265736"
3828237,"email@example.com","passw0rd","2019-08-16 12:59:17.07168"
3831577,"email@example.com","passw0rd","2020-01-22 15:41:16.071881"
3845470,"email@example.com","passw0rd","2019-08-09 23:10:23.743408"
3860421,"email@example.com","passw0rd","2019-12-18 00:00:01.490986"
3864704,"email@example.com","passw0rd","2019-06-07 08:06:55.08731"
3867246,"email@example.com","passw0rd","2020-01-18 01:22:13.726387"
3877791,"email@example.com","passw0rd","2019-11-02 18:46:30.170719"
3877970,"email@example.com","passw0rd","2019-12-21 18:55:14.349349"
3878756,"email@example.com","passw0rd","2019-10-01 10:17:27.594987"
3883964,"email@example.com","passw0rd","2019-10-18 07:50:52.03889"
3914420,"email@example.com","passw0rd","2019-11-12 15:26:30.484077"
3926963,"email@example.com","passw0rd","2019-07-30 14:37:34.452406"
3950329,"email@example.com","passw0rd","2019-09-15 17:27:26.135397"
4007024,"email@example.com","passw0rd","2020-02-28 09:45:48.93752"
4018430,"email@example.com","passw0rd","2020-02-24 13:58:47.655883"
4028094,"email@example.com","passw0rd","2019-12-12 09:34:38.05433"
4039064,"email@example.com","passw0rd","2019-10-25 20:48:19.057785"
4072629,"email@example.com","passw0rd","2019-12-27 17:17:28.08863"
4081430,"email@example.com","passw0rd","2019-10-10 13:26:08.667204"
4086807,"email@example.com","passw0rd","2020-01-11 19:10:29.060178"
4087893,"email@example.com","passw0rd","2019-11-18 18:03:04.563345"
4105629,"email@example.com","passw0rd","2019-12-29 03:35:10.691594"
4118327,"email@example.com","passw0rd","2019-11-08 14:05:23.024473"
4123060,"email@example.com","passw0rd","2019-05-04 10:09:49.478994"
4136391,"email@example.com","passw0rd","2020-02-18 20:01:42.866449"
4176639,"email@example.com","passw0rd","2020-01-12 18:01:32.663447"
4188424,"email@example.com","passw0rd","2020-01-26 14:44:53.142433"
4264884,"email@example.com","passw0rd","2020-03-13 09:14:29.4317"
4267354,"email@example.com","passw0rd","2019-12-02 03:41:24.697189"
4270999,"email@example.com","passw0rd","2019-10-20 09:18:06.414132"
4272446,"email@example.com","passw0rd","2019-11-20 13:31:33.522955"
4282324,"email@example.com","passw0rd","2019-06-22 19:55:14.242134"
4283596,"email@example.com","passw0rd","2019-10-10 04:28:22.469333"
4296798,"email@example.com","passw0rd","2020-01-05 18:53:59.924487"
4309419,"email@example.com","passw0rd","2020-03-10 17:17:14.327399"
4367997,"email@example.com","passw0rd","2019-11-14 15:12:47.158127"
4368748,"email@example.com","passw0rd","2020-02-16 17:58:59.667114"
4389831,"email@example.com","passw0rd","2019-12-01 20:15:48.363097"
4455906,"email@example.com","passw0rd","2020-01-27 16:30:31.495033"
4502309,"email@example.com","passw0rd","2019-09-30 15:16:33.086443"
4504280,"email@example.com","passw0rd","2019-10-12 14:09:05.481496"
4547810,"email@example.com","passw0rd","2019-11-01 14:08:59.300319"
4590359,"email@example.com","passw0rd","2019-10-05 17:12:56.903206"
4597464,"email@example.com","passw0rd","2019-10-24 00:21:27.011879"
4603733,"email@example.com","passw0rd","2020-01-09 19:39:35.174656"
4631623,"email@example.com","passw0rd","2019-11-19 17:34:40.457506"
4662039,"email@example.com","passw0rd","2019-08-04 18:35:06.509122"
4674693,"email@example.com","passw0rd","2020-01-28 21:45:03.31828"
4710998,"email@example.com","passw0rd","2019-08-20 15:48:25.279753"
4732466,"email@example.com","passw0rd","2019-09-05 17:59:00.808126"
4740178,"email@example.com","passw0rd","2019-11-02 17:03:10.186393"
4757157,"email@example.com","passw0rd","2019-07-28 12:09:14.658736"
4792436,"email@example.com","passw0rd","2020-02-10 21:00:32.049949"
4800057,"email@example.com","passw0rd","2020-01-26 17:56:50.877486"
4809173,"email@example.com","passw0rd","2019-06-02 20:52:57.326987"
4829319,"email@example.com","passw0rd","2020-03-08 19:54:15.411195"
4851395,"email@example.com","passw0rd","2018-05-25 14:52:26.961972"
4851948,"email@example.com","passw0rd","2019-10-07 17:27:25.445599"
4877560,"email@example.com","passw0rd","2020-01-13 14:23:09.614212"
4904476,"email@example.com","passw0rd","2019-11-12 01:36:34.458373"
4928175,"email@example.com","passw0rd","2020-03-05 16:13:55.492766"
4952878,"email@example.com","passw0rd","2019-10-02 11:44:06.222125"
4961292,"email@example.com","passw0rd","2019-02-07 11:03:29.059115"
4979214,"email@example.com","passw0rd","2020-02-26 17:46:46.166211"
4991527,"email@example.com","passw0rd","2020-01-05 19:53:18.661136"
5008189,"email@example.com","passw0rd","2019-07-21 15:57:53.286585"
5022829,"email@example.com","passw0rd","2019-11-07 15:57:49.384944"
5023419,"email@example.com","passw0rd","2020-02-23 04:17:13.673567"
5076225,"email@example.com","passw0rd","2019-08-11 13:45:20.525555"
5087826,"email@example.com","passw0rd","2020-02-17 08:21:06.951559"
5138746,"email@example.com","passw0rd","2019-11-01 07:10:14.827732"
5164955,"email@example.com","passw0rd","2019-08-21 19:29:44.247938"
5172838,"email@example.com","passw0rd","2019-08-19 20:28:35.040359"
5197816,"email@example.com","passw0rd","2019-10-12 22:25:53.89982"
5231663,"email@example.com","passw0rd","2020-02-28 01:33:36.103119"
5276862,"email@example.com","passw0rd","2019-11-21 18:51:20.158011"
5279394,"email@example.com","passw0rd","2020-01-14 16:24:49.6232"
5288898,"email@example.com","passw0rd","2019-07-26 00:41:09.044926"
5324868,"email@example.com","passw0rd","2019-01-20 15:41:00.451489"
5359041,"email@example.com","passw0rd","2019-09-28 10:33:49.132006"
5364407,"email@example.com","passw0rd","2019-09-14 15:35:03.82155"
5364584,"email@example.com","passw0rd","2019-05-16 13:35:32.332242"
5367400,"email@example.com","passw0rd","2019-09-04 14:01:17.489741"
5384485,"email@example.com","passw0rd","2019-10-23 14:17:32.970121"
5408548,"email@example.com","passw0rd","2019-04-29 16:57:20.874006"
5459424,"email@example.com","passw0rd","2019-10-22 10:53:56.157657"
5508980,"email@example.com","passw0rd","2019-12-07 20:18:47.746823"
5540016,"email@example.com","passw0rd","2020-01-25 19:54:07.489009"
5586051,"email@example.com","passw0rd","2019-08-04 11:39:18.882056"
5605428,"email@example.com","passw0rd","2019-11-20 03:32:00.229864"
5627639,"email@example.com","passw0rd","2020-02-05 19:36:51.856608"
5664807,"email@example.com","passw0rd","2019-05-26 07:56:51.616231"
5682304,"email@example.com","passw0rd","2019-12-18 09:50:21.312204"
5706108,"email@example.com","passw0rd","2020-03-08 21:36:21.282496"
5736433,"email@example.com","passw0rd","2020-01-02 20:28:53.07751"
5772676,"email@example.com","passw0rd","2019-08-11 19:40:35.672455"
5837915,"email@example.com","passw0rd","2020-01-29 11:58:54.724893"
5837982,"email@example.com","passw0rd","2019-12-04 04:47:16.830596"
5838891,"email@example.com","passw0rd","2020-03-11 00:28:46.593793"
5874537,"email@example.com","passw0rd","2019-11-06 20:39:23.438257"
5919168,"email@example.com","passw0rd","2020-02-14 08:25:28.567669"
5966052,"email@example.com","passw0rd","2020-02-18 21:42:25.406226"
5975758,"email@example.com","passw0rd","2019-09-04 15:12:13.924847"
6046241,"email@example.com","passw0rd","2020-02-03 19:52:32.347803"
6054683,"email@example.com","passw0rd","2019-08-12 23:48:44.938708"
6055112,"email@example.com","passw0rd","2020-01-18 19:01:26.698817"
6089359,"email@example.com","passw0rd","2019-04-23 20:41:46.741172"
6093315,"email@example.com","passw0rd","2019-06-12 12:36:33.10294"
6099703,"email@example.com","passw0rd","2020-01-22 20:59:12.210976"
6101404,"email@example.com","passw0rd","2019-12-08 19:07:05.164095"
6108555,"email@example.com","passw0rd","2020-01-09 11:52:50.908145"
6125709,"email@example.com","passw0rd","2019-08-09 10:56:37.855699"
6140914,"email@example.com","passw0rd","2020-01-03 00:20:17.650097"
6152203,"email@example.com","passw0rd","2020-01-16 07:28:10.945561"
6155889,"email@example.com","passw0rd","2019-10-31 01:27:17.895018"
6160771,"email@example.com","passw0rd","2020-01-27 08:08:46.345276"
6181531,"email@example.com","passw0rd","2020-02-24 11:41:05.055048"
6202571,"email@example.com","passw0rd","2018-03-12 18:16:05.241937"
6210553,"email@example.com","passw0rd","2019-11-01 21:11:49.962498"
6233004,"email@example.com","passw0rd","2020-01-13 19:20:55.183084"
6234682,"email@example.com","passw0rd","2019-08-16 22:53:57.287354"
6253288,"email@example.com","passw0rd","2019-05-28 18:24:21.787017"
6261324,"email@example.com","passw0rd","2019-12-15 18:37:07.164872"
6261331,"email@example.com","passw0rd","2019-09-02 00:04:21.759825"
6275546,"email@example.com","passw0rd","2019-04-23 13:39:48.951629"
6292581,"email@example.com","passw0rd","2019-12-29 00:49:24.325578"
6357889,"email@example.com","passw0rd","2019-06-10 20:02:27.725828"
6386809,"email@example.com","passw0rd","2020-03-06 09:28:55.082898"
6392434,"email@example.com","passw0rd","2019-09-06 10:42:23.837517"
6394675,"email@example.com","passw0rd","2020-01-06 14:44:35.907839"
6428908,"email@example.com","passw0rd","2019-09-06 06:45:58.233172"
6458874,"email@example.com","passw0rd","2019-12-07 15:51:24.65829"
6469830,"email@example.com","passw0rd","2019-07-30 06:03:26.517036"
6502334,"email@example.com","passw0rd","2020-01-02 18:20:12.494429"
6523336,"email@example.com","passw0rd","2019-12-26 01:50:12.492252"
6538185,"email@example.com","passw0rd","2020-02-13 17:20:06.632907"
6569722,"email@example.com","passw0rd","2019-10-15 11:36:22.655855"
6577460,"email@example.com","passw0rd","2019-12-19 20:00:09.098605"
6667150,"email@example.com","passw0rd","2020-01-28 17:36:51.312767"
6685924,"email@example.com","passw0rd","2019-11-17 12:29:05.381621"
6711955,"email@example.com","passw0rd","2019-12-01 11:53:07.296618"
6714695,"email@example.com","passw0rd","2019-12-13 00:49:31.641352"
6735037,"email@example.com","passw0rd","2020-01-04 18:38:21.326889"
6750805,"email@example.com","passw0rd","2019-02-28 17:15:14.058107"
6775010,"email@example.com","passw0rd","2019-07-12 06:36:42.912551"
6809858,"email@example.com","passw0rd","2020-01-31 15:51:42.495821"
6811395,"email@example.com","passw0rd","2020-03-01 01:41:45.174542"
6824375,"email@example.com","passw0rd","2019-10-18 20:16:37.076908"
6849627,"email@example.com","passw0rd","2019-12-07 18:15:35.926594"
6885940,"email@example.com","passw0rd","2020-03-05 19:43:45.408197"
6904370,"email@example.com","passw0rd","2019-12-16 14:34:09.953481"
6905148,"email@example.com","passw0rd","2019-08-18 09:01:52.762781"
6926054,"email@example.com","passw0rd","2019-12-06 08:49:37.370867"
6948538,"email@example.com","passw0rd","2019-06-23 10:21:07.518469"
6951850,"email@example.com","passw0rd","2019-12-08 18:24:28.078189"
6982302,"email@example.com","passw0rd","2019-10-08 14:00:31.770412"
6985646,"email@example.com","passw0rd","2019-10-06 12:20:30.238016"
7000965,"email@example.com","passw0rd","2019-11-19 22:12:12.830421"
7015181,"email@example.com","passw0rd","2019-08-16 20:30:50.328569"
7028481,"email@example.com","passw0rd","2020-02-01 13:03:56.901278"
7030793,"email@example.com","passw0rd","2019-08-24 10:57:08.167672"
7095227,"email@example.com","passw0rd","2019-12-11 10:39:03.618115"
7118301,"email@example.com","passw0rd","2020-02-28 17:59:25.357448"
7199340,"email@example.com","passw0rd","2019-08-11 05:27:37.463926"
7237102,"email@example.com","passw0rd","2019-06-26 11:28:06.050641"
7243458,"email@example.com","passw0rd","2019-09-17 12:44:16.39383"
7263776,"email@example.com","passw0rd","2019-11-03 13:01:08.759649"
7313464,"email@example.com","passw0rd","2020-02-19 15:43:49.184717"
7315719,"email@example.com","passw0rd","2018-05-07 19:11:11.15667"
7336258,"email@example.com","passw0rd","2019-07-21 04:32:12.682129"
7349444,"email@example.com","passw0rd","2019-07-16 21:26:28.807201"
7351263,"email@example.com","passw0rd","2020-01-29 17:20:57.699236"
7387165,"email@example.com","passw0rd","2019-08-07 17:54:43.155758"
7411499,"email@example.com","passw0rd","2020-02-06 14:45:00.908046"
7419282,"email@example.com","passw0rd","2020-02-02 03:15:26.033744"
7434121,"email@example.com","passw0rd","2019-11-09 23:57:19.439282"
7460387,"email@example.com","passw0rd","2019-09-17 19:55:43.056763"
7478987,"email@example.com","passw0rd","2019-12-21 19:54:47.901342"
7512972,"email@example.com","passw0rd","2019-12-14 10:24:23.522639"
7539282,"email@example.com","passw0rd","2019-12-11 18:44:25.580701"
7542650,"email@example.com","passw0rd","2020-03-13 12:00:34.535798"
7573200,"email@example.com","passw0rd","2019-10-15 15:52:14.50777"
7585675,"email@example.com","passw0rd","2019-09-22 09:51:24.699345"
7594260,"email@example.com","passw0rd","2019-10-05 17:33:37.351876"
7620071,"email@example.com","passw0rd","2020-03-02 10:49:57.693263"
7621352,"email@example.com","passw0rd","2019-07-30 20:32:00.13097"
7674566,"email@example.com","passw0rd","2019-03-17 20:57:27.027591"
7687404,"email@example.com","passw0rd","2020-02-05 22:37:57.425696"
7692945,"email@example.com","passw0rd","2019-11-10 16:29:10.789622"
7725448,"email@example.com","passw0rd","2019-12-10 21:20:45.692814"
7750957,"email@example.com","passw0rd","2019-05-06 17:57:58.680482"
7752869,"email@example.com","passw0rd","2019-06-11 10:36:56.038034"
7773504,"email@example.com","passw0rd","2019-12-21 09:50:00.715807"
7803213,"email@example.com","passw0rd","2019-09-05 20:21:27.024299"
7809755,"email@example.com","passw0rd","2020-03-11 16:54:16.156003"
7844452,"email@example.com","passw0rd","2020-02-15 23:20:40.09511"
7867396,"email@example.com","passw0rd","2019-12-23 00:32:04.019224"
7967854,"email@example.com","passw0rd","2019-08-29 16:36:11.726767"
7974832,"email@example.com","passw0rd","2019-08-28 21:10:02.059202"
8024981,"email@example.com","passw0rd","2019-09-22 03:58:29.405591"
8048495,"email@example.com","passw0rd","2020-02-26 02:30:08.598976"
8049868,"email@example.com","passw0rd","2020-01-01 18:06:24.41993"
8076217,"email@example.com","passw0rd","2020-01-18 23:25:14.814903"
8084557,"email@example.com","passw0rd","2018-10-05 13:59:53.86586"
8149534,"email@example.com","passw0rd","2020-01-21 22:31:32.770433"
8155564,"email@example.com","passw0rd","2019-12-22 11:59:37.77891"
8273871,"email@example.com","passw0rd","2020-02-18 18:24:19.400512"
8304504,"email@example.com","passw0rd","2020-02-05 13:30:22.403173"
8344426,"email@example.com","passw0rd","2019-12-15 16:49:48.105854"
8390319,"email@example.com","passw0rd","2020-02-13 13:45:55.218144"
8393249,"email@example.com","passw0rd","2019-06-04 23:53:13.741393"
8436171,"email@example.com","passw0rd","2019-10-28 06:49:22.30023"
8477494,"email@example.com","passw0rd","2020-01-03 21:04:26.715181"
8483983,"email@example.com","passw0rd","2019-07-31 04:13:26.014037"
8511274,"email@example.com","passw0rd","2019-08-17 09:00:14.659101"
8538420,"email@example.com","passw0rd","2019-09-25 17:17:26.57604"
8559521,"email@example.com","passw0rd","2020-01-03 12:32:53.723323"
8566621,"email@example.com","passw0rd","2019-09-02 20:46:36.87162"
8600200,"email@example.com","passw0rd","2019-12-19 23:40:46.733129"
8604154,"email@example.com","passw0rd","2020-03-11 17:41:39.977907"
8695872,"email@example.com","passw0rd","2019-08-13 12:17:27.239969"
8705171,"email@example.com","passw0rd","2020-01-29 02:17:02.808422"
8711030,"email@example.com","passw0rd","2019-06-05 11:22:57.561015"
8746229,"email@example.com","passw0rd","2019-08-31 18:09:44.803845"
8758168,"email@example.com","passw0rd","2020-02-28 05:51:42.069219"
8771994,"email@example.com","passw0rd","2020-01-04 17:46:51.237612"
8787777,"email@example.com","passw0rd","2019-12-28 05:00:54.786999"
8803652,"email@example.com","passw0rd","2019-09-27 15:59:08.882564"
8808040,"email@example.com","passw0rd","2019-10-31 13:12:48.429379"
